,condition,net,te_acc
0,empty,SiameseNet23,75.37202380952381
0,empty,SiameseNet13,76.19047619047619
0,same,SiameseNet23,72.76785714285714
0,same,SiameseNet13,54.092261904761905
0,diff,SiameseNet23,72.17261904761905
0,diff,SiameseNet13,53.273809523809526
