,net,tr_loss,tr_acc,te_loss,te_acc
0,SiameseNet13,118.09397438168526,79.07014157014157,12.054907128214836,95.30848329048843
