,net,tr_loss,tr_acc,te_loss,te_acc
0,SiameseNet23,229.2577957212925,59.58815958815959,36.857903093099594,76.02827763496144
