,net,tr_loss,tr_acc,te_loss,te_acc
0,SiameseNet22,161.35975041985512,62.667410714285715,29.263802111148834,75.07440476190476
