,net,tr_loss,tr_acc,te_loss,te_acc
0,SiameseNet13,204.16723603010178,62.27477477477478,30.9313722550869,76.09254498714652
