,net,tr_loss,tr_acc,te_loss,te_acc
0,SiameseNet13,213.84995430707932,56.67782738095238,49.5879690349102,59.82142857142857
1,SiameseNet13,192.76828742027283,58.816964285714285,42.40852853655815,63.020833333333336
2,SiameseNet13,178.81506338715553,61.34672619047619,38.27282336354256,67.85714285714286
3,SiameseNet13,164.3538518846035,63.932291666666664,34.64162462949753,70.53571428571429
4,SiameseNet13,152.3192549943924,67.52232142857143,32.623879462480545,74.18154761904762
5,SiameseNet13,143.7055129110813,69.04761904761905,31.486364409327507,76.26488095238095
