,tr_loss,tr_acc,te_loss,te_acc
0,15.078266143798828,47.916666666666664,1.4534627795219421,54.166666666666664
