,condition,net,te_acc,te_err
0,empty,SiameseNet23,75.29761904761905,0.09028938981432691
0,empty,SiameseNet13,75.52083333333333,0.08468112965594381
0,same,SiameseNet23,74.47916666666667,0.09477598811252413
0,same,SiameseNet13,49.032738095238095,0.10279899245732688
0,diff,SiameseNet23,73.88392857142857,0.09477598811252413
0,diff,SiameseNet13,47.17261904761905,0.10279899245732688
