,net,tr_loss,tr_acc,te_loss,te_acc
0,SiameseNet13,374.61387953162193,52.00892857142857,33.299345940351486,82.51488095238095
1,SiameseNet13,155.26054596994072,77.9389880952381,2.5309231341816485,98.51190476190476
2,SiameseNet13,29.345485975965858,95.40550595238095,0.5724106549168937,99.92559523809524
3,SiameseNet13,12.353515893679287,98.046875,0.021164090208912967,100.0
4,SiameseNet13,6.275298431010015,99.06994047619048,0.06089735520617978,99.92559523809524
