,net,tr_loss,tr_acc,te_loss,te_acc
0,SiameseNet13,172.7557152211666,68.14671814671814,18.33863452076912,91.6452442159383
