,net,tr_loss,tr_acc,te_loss,te_acc
0,SiameseNet1,16.91131579875946,46.875,1.8637198209762573,47.916666666666664
1,SiameseNet1,14.299513101577759,53.645833333333336,1.7667808532714844,45.833333333333336
