,net,tr_loss,tr_acc,te_loss,te_acc
0,SiameseNet13,405.50104266405106,50.948660714285715,53.11164504289627,50.44642857142857
1,SiameseNet13,298.06808719038963,58.872767857142854,14.649111546576023,94.19642857142857
