,net,tr_loss,tr_acc,te_loss,te_acc
0,SiameseNet13,409.8823413848877,51.59970238095238,67.01824510097504,52.30654761904762
1,SiameseNet13,362.77842581272125,54.76190476190476,38.451586067676544,62.94642857142857
2,SiameseNet13,331.34409046173096,57.942708333333336,33.075868889689445,67.70833333333333
3,SiameseNet13,251.0582151710987,65.47619047619048,17.91161574423313,83.85416666666667
