,condition,net,te_acc,te_err
0,empty,SiameseNet23,90.48843187660668,0.08191780219091253
0,empty,SiameseNet13,91.6452442159383,0.08191780219091253
0,same,SiameseNet23,86.18251928020565,0.06882472016116853
0,same,SiameseNet13,58.933161953727506,0.11239029738980327
0,diff,SiameseNet23,86.5681233933162,0.06882472016116853
0,diff,SiameseNet13,51.22107969151671,0.1094243309804831
