,condition,net,te_acc
0,empty,SiameseNet13,83.85416666666667
0,same,SiameseNet13,67.7827380952381
0,diff,SiameseNet13,64.80654761904762
