,condition,net,te_acc,te_err
0,empty,SiameseNet23,78.47043701799485,0.06882472016116853
0,empty,SiameseNet13,82.58354755784062,0.05
0,same,SiameseNet23,72.17223650385604,0.1094243309804831
0,same,SiameseNet13,47.94344473007712,0.11470786693528086
0,diff,SiameseNet23,71.59383033419023,0.1094243309804831
0,diff,SiameseNet13,49.80719794344473,0.11470786693528086
