,net,fold,acc
1,SiameseNet13,1,0.5
2,SiameseNet13,2,0.5
3,SiameseNet13,3,0.5
4,SiameseNet13,4,0.4444444444444444
5,SiameseNet13,5,0.5555555555555556
