,net,tr_loss,tr_acc,te_loss,te_acc
0,SiameseNet13,416.79720371961594,49.12574404761905,61.3489511013031,50.0
1,SiameseNet13,287.13929311186075,61.62574404761905,9.238186105154455,93.00595238095238
2,SiameseNet13,34.43025698963902,94.21502976190476,0.36886916629737243,99.85119047619048
3,SiameseNet13,8.174819603496871,98.66071428571429,0.13544320427172352,99.92559523809524
4,SiameseNet13,4.746662393601582,99.16294642857143,0.0034403319241391728,100.0
