,net,fold,acc
1,SiameseNet13,1,0.8921933085501859
2,SiameseNet13,2,0.8661710037174721
3,SiameseNet13,3,0.8513011152416357
4,SiameseNet13,4,0.8587360594795539
5,SiameseNet13,5,0.835820895522388
