,net,tr_loss,tr_acc,te_loss,te_acc
0,SiameseNet13,231.88438123464584,51.376488095238095,52.2742720246315,51.86011904761905
1,SiameseNet13,211.5027798116207,54.25967261904762,48.095950931310654,55.654761904761905
2,SiameseNet13,196.45972764492035,55.95238095238095,49.54231542348862,57.961309523809526
3,SiameseNet13,180.74390667676926,59.933035714285715,41.072920978069305,62.94642857142857
4,SiameseNet13,166.10800474882126,62.648809523809526,42.71342122554779,65.625
5,SiameseNet13,152.3481788933277,65.60639880952381,39.05547660589218,70.38690476190476
6,SiameseNet13,140.17214861512184,68.63839285714286,32.31583434343338,75.52083333333333
