,net,fold,acc
1,SiameseNet13,1,0.9219330855018587
2,SiameseNet13,2,0.9330855018587361
3,SiameseNet13,3,0.8810408921933085
4,SiameseNet13,4,0.9033457249070632
5,SiameseNet13,5,0.8694029850746269
