,net,tr_loss,tr_acc,te_loss,te_acc
0,SiameseNet13,208.72258886694908,61.18082368082368,27.957742244005203,82.58354755784062
