,net,tr_loss,tr_acc,te_loss,te_acc
0,SiameseNet13,459.60920840501785,52.316602316602314,50.59898644685745,52.05655526992288
1,SiameseNet13,418.05790960788727,55.067567567567565,48.428029388189316,51.9280205655527
2,SiameseNet13,385.294591575861,58.381595881595885,43.01354867219925,56.29820051413882
3,SiameseNet13,374.51290395855904,59.04118404118404,35.75834462046623,62.146529562982
4,SiameseNet13,348.17843237519264,61.438223938223935,29.68915393948555,71.01542416452442
5,SiameseNet13,332.6870318502188,62.45173745173745,27.844616055488586,71.8508997429306
6,SiameseNet13,312.6144551038742,63.65830115830116,25.439666286110878,75.96401028277634
