,net,fold,acc
1,SiameseNet13,1,0.8888888888888888
2,SiameseNet13,2,0.8740740740740741
3,SiameseNet13,3,0.9104477611940298
4,SiameseNet13,4,0.9029850746268657
5,SiameseNet13,5,0.9253731343283582
