,net,tr_loss,tr_acc,te_loss,te_acc
0,SiameseNet23,192.6172435581684,62.78957528957529,30.4949491918087,78.53470437017995
