,tr_loss,tr_acc,te_loss,te_acc
0,395.44816648960114,50.09300595238095,41.76845335960388,51.413690476190474
1,362.9591798186302,49.53497023809524,42.953290581703186,53.57142857142857
2,330.1174111366272,50.223214285714285,39.64933919906616,55.80357142857143
3,323.7274222970009,50.576636904761905,40.42723739147186,56.54761904761905
4,287.4096784591675,51.5625,39.095761597156525,58.55654761904762
5,279.8747687935829,50.111607142857146,38.68144178390503,60.86309523809524
6,251.9529475569725,52.04613095238095,36.68617069721222,62.87202380952381
7,213.6184433400631,58.25892857142857,22.647287786006927,89.0625
