,net,fold,acc
1,SiameseNet13,1,0.862453531598513
2,SiameseNet13,2,0.9107806691449815
3,SiameseNet13,3,0.862453531598513
4,SiameseNet13,4,0.8847583643122676
5,SiameseNet13,5,0.9104477611940298
