,net,fold,acc
1,SiameseNet13,1,0.8962962962962963
2,SiameseNet13,2,0.8296296296296296
3,SiameseNet13,3,0.8955223880597015
4,SiameseNet13,4,0.8432835820895522
5,SiameseNet13,5,0.8432835820895522
