,net,fold,acc
1,SiameseNet13,1,0.8888888888888888
2,SiameseNet13,2,0.8444444444444444
3,SiameseNet13,3,0.835820895522388
4,SiameseNet13,4,0.8805970149253731
5,SiameseNet13,5,0.9104477611940298
