,net,fold,acc
1,SiameseNet1,1,0.46153846153846156
2,SiameseNet1,2,0.4358974358974359
3,SiameseNet1,3,0.39473684210526316
4,SiameseNet1,4,0.3684210526315789
5,SiameseNet1,5,0.5
1,SiameseNet12,1,0.6153846153846154
2,SiameseNet12,2,0.5641025641025641
3,SiameseNet12,3,0.42105263157894735
4,SiameseNet12,4,0.42105263157894735
5,SiameseNet12,5,0.5526315789473685
