,net,fold,acc
1,SiameseNet13,1,0.3
2,SiameseNet13,2,0.2
3,SiameseNet13,3,0.2
4,SiameseNet13,4,0.3333333333333333
5,SiameseNet13,5,0.2222222222222222
