,condition,net,te_acc,te_err
0,empty,SiameseNet23,75.52083333333333,0.08468112965594381
0,empty,SiameseNet13,75.37202380952381,0.10279899245732688
0,same,SiameseNet23,72.99107142857143,0.07770873402002616
0,same,SiameseNet13,53.273809523809526,0.10279899245732688
0,diff,SiameseNet23,73.06547619047619,0.0846811296559438
0,diff,SiameseNet13,50.07440476190476,0.10279899245732688
