,net,tr_loss,tr_acc,te_loss,te_acc
0,SiameseNet22,15.3040452003479,46.875,1.8310409188270569,47.916666666666664
1,SiameseNet22,13.18978750705719,54.6875,1.6932089924812317,41.666666666666664
