,net,fold,acc
1,SiameseNet13,1,0.9037037037037037
2,SiameseNet13,2,0.8666666666666667
3,SiameseNet13,3,0.8955223880597015
4,SiameseNet13,4,0.8507462686567164
5,SiameseNet13,5,0.835820895522388
