,net,fold,acc
1,SiameseNet13,1,0.8740740740740741
2,SiameseNet13,2,0.8444444444444444
3,SiameseNet13,3,0.8582089552238806
4,SiameseNet13,4,0.8955223880597015
5,SiameseNet13,5,0.917910447761194
