,key,net,fold,acc
1,all,SiameseNet23,1,0.9711538461538461
2,all,SiameseNet23,2,0.9614147909967846
3,all,SiameseNet23,3,0.9581993569131833
4,all,SiameseNet23,4,0.9485530546623794
5,all,SiameseNet23,5,0.9710610932475884
1,all,SiameseNet13,1,0.9487179487179487
2,all,SiameseNet13,2,0.932475884244373
3,all,SiameseNet13,3,0.9581993569131833
4,all,SiameseNet13,4,0.9453376205787781
5,all,SiameseNet13,5,0.9517684887459807
