,net,fold,acc
1,SiameseNet13,1,0.9487179487179487
2,SiameseNet13,2,0.9517684887459807
3,SiameseNet13,3,0.9614147909967846
4,SiameseNet13,4,0.9646302250803859
5,SiameseNet13,5,0.9517684887459807
