,net,fold,acc
1,SiameseNet13,1,0.9185185185185185
2,SiameseNet13,2,0.8814814814814815
3,SiameseNet13,3,0.8507462686567164
4,SiameseNet13,4,0.9029850746268657
5,SiameseNet13,5,0.8805970149253731
