,net,tr_loss,tr_acc,te_loss,te_acc
0,SiameseNet23,198.31765216588974,63.851351351351354,35.240697741508484,74.93573264781492
1,SiameseNet23,142.9997368901968,73.503861003861,23.52082946896553,89.91002570694087
