,net,fold,acc
1,SiameseNet13,1,0.895910780669145
2,SiameseNet13,2,0.9144981412639405
3,SiameseNet13,3,0.8736059479553904
4,SiameseNet13,4,0.895910780669145
5,SiameseNet13,5,0.8768656716417911
