,net,fold,acc
1,SiameseNet13,1,0.8475836431226765
2,SiameseNet13,2,0.8364312267657993
3,SiameseNet13,3,0.828996282527881
4,SiameseNet13,4,0.8364312267657993
5,SiameseNet13,5,0.832089552238806
