,net,fold,acc
1,SiameseNet13,1,0.8962962962962963
2,SiameseNet13,2,0.8962962962962963
3,SiameseNet13,3,0.8507462686567164
4,SiameseNet13,4,0.8880597014925373
5,SiameseNet13,5,0.8283582089552238
